Category,Resume,Experience_Years,Education
Finance,"Experienced professional in finance with 3 years of experience. Education: Bachelor degree. Skills: Excel, Financial Analysis, Risk Management, Accounting, Investment. Looking for opportunities in finance field.",3,Bachelor
Marketing,"Experienced professional in marketing with 0 years of experience. Education: PhD degree. Skills: Campaign Management, Analytics, Social Media. Looking for opportunities in marketing field.",0,PhD
Engineering,"Experienced professional in engineering with 3 years of experience. Education: Master degree. Skills: MATLAB, Design, CAD, Project Management, Problem Solving. Looking for opportunities in engineering field.",3,Master
Engineering,"Experienced professional in engineering with 8 years of experience. Education: Master degree. Skills: CAD, MATLAB, AutoCAD. Looking for opportunities in engineering field.",8,Master
Marketing,"Experienced professional in marketing with 1 years of experience. Education: Bachelor degree. Skills: Digital Marketing, SEO, Social Media, Campaign Management. Looking for opportunities in marketing field.",1,Bachelor
Data Science,"Experienced professional in data science with 9 years of experience. Education: Bachelor degree. Skills: TensorFlow, NumPy, Scikit-learn, Pandas. Looking for opportunities in data science field.",9,Bachelor
Web Development,"Experienced professional in web development with 0 years of experience. Education: Bachelor degree. Skills: Python, Django, HTML. Looking for opportunities in web development field.",0,Bachelor
Data Science,"Experienced professional in data science with 8 years of experience. Education: High School degree. Skills: Python, TensorFlow, Pandas, Statistics, NumPy. Looking for opportunities in data science field.",8,High School
Web Development,"Experienced professional in web development with 4 years of experience. Education: Master degree. Skills: Django, CSS, JavaScript, React, Python. Looking for opportunities in web development field.",4,Master
Marketing,"Experienced professional in marketing with 10 years of experience. Education: High School degree. Skills: Digital Marketing, Social Media, Analytics. Looking for opportunities in marketing field.",10,High School
Marketing,"Experienced professional in marketing with 2 years of experience. Education: PhD degree. Skills: Social Media, Content Creation, Campaign Management, SEO. Looking for opportunities in marketing field.",2,PhD
Web Development,"Experienced professional in web development with 9 years of experience. Education: Master degree. Skills: CSS, JavaScript, Django, Node.js, Flask, Python. Looking for opportunities in web development field.",9,Master
Web Development,"Experienced professional in web development with 10 years of experience. Education: PhD degree. Skills: Node.js, CSS, HTML. Looking for opportunities in web development field.",10,PhD
Engineering,"Experienced professional in engineering with 6 years of experience. Education: PhD degree. Skills: AutoCAD, Problem Solving, CAD. Looking for opportunities in engineering field.",6,PhD
Finance,"Experienced professional in finance with 3 years of experience. Education: Master degree. Skills: Accounting, Financial Analysis, Excel. Looking for opportunities in finance field.",3,Master
Finance,"Experienced professional in finance with 10 years of experience. Education: PhD degree. Skills: Excel, Risk Management, Financial Analysis. Looking for opportunities in finance field.",10,PhD
Finance,"Experienced professional in finance with 6 years of experience. Education: Master degree. Skills: Bloomberg, Excel, Accounting, Investment, Financial Analysis. Looking for opportunities in finance field.",6,Master
Finance,"Experienced professional in finance with 5 years of experience. Education: High School degree. Skills: Excel, Bloomberg, Risk Management, Financial Analysis. Looking for opportunities in finance field.",5,High School
Data Science,"Experienced professional in data science with 0 years of experience. Education: PhD degree. Skills: TensorFlow, NumPy, Scikit-learn, Python, Pandas. Looking for opportunities in data science field.",0,PhD
Marketing,"Experienced professional in marketing with 8 years of experience. Education: PhD degree. Skills: SEO, Social Media, Campaign Management, Analytics. Looking for opportunities in marketing field.",8,PhD
Data Science,"Experienced professional in data science with 9 years of experience. Education: Bachelor degree. Skills: Pandas, Statistics, SQL. Looking for opportunities in data science field.",9,Bachelor
Marketing,"Experienced professional in marketing with 5 years of experience. Education: PhD degree. Skills: Analytics, SEO, Social Media, Campaign Management, Digital Marketing. Looking for opportunities in marketing field.",5,PhD
Engineering,"Experienced professional in engineering with 7 years of experience. Education: High School degree. Skills: CAD, Problem Solving, Design, Project Management, AutoCAD, MATLAB. Looking for opportunities in engineering field.",7,High School
Engineering,"Experienced professional in engineering with 0 years of experience. Education: Bachelor degree. Skills: Problem Solving, MATLAB, AutoCAD, Design, Project Management. Looking for opportunities in engineering field.",0,Bachelor
Data Science,"Experienced professional in data science with 9 years of experience. Education: High School degree. Skills: SQL, Statistics, Pandas, Machine Learning, NumPy, Scikit-learn. Looking for opportunities in data science field.",9,High School
Engineering,"Experienced professional in engineering with 1 years of experience. Education: PhD degree. Skills: AutoCAD, Problem Solving, MATLAB. Looking for opportunities in engineering field.",1,PhD
Engineering,"Experienced professional in engineering with 0 years of experience. Education: Master degree. Skills: CAD, MATLAB, Project Management, Problem Solving, Design. Looking for opportunities in engineering field.",0,Master
Marketing,"Experienced professional in marketing with 0 years of experience. Education: High School degree. Skills: Digital Marketing, SEO, Analytics, Content Creation, Social Media. Looking for opportunities in marketing field.",0,High School
Engineering,"Experienced professional in engineering with 1 years of experience. Education: Bachelor degree. Skills: Project Management, MATLAB, Problem Solving. Looking for opportunities in engineering field.",1,Bachelor
Finance,"Experienced professional in finance with 7 years of experience. Education: PhD degree. Skills: Risk Management, Accounting, Financial Analysis. Looking for opportunities in finance field.",7,PhD
Marketing,"Experienced professional in marketing with 0 years of experience. Education: Master degree. Skills: Campaign Management, Social Media, SEO, Digital Marketing. Looking for opportunities in marketing field.",0,Master
Engineering,"Experienced professional in engineering with 8 years of experience. Education: Master degree. Skills: Design, CAD, Problem Solving, AutoCAD. Looking for opportunities in engineering field.",8,Master
Engineering,"Experienced professional in engineering with 10 years of experience. Education: High School degree. Skills: MATLAB, Problem Solving, CAD, AutoCAD, Project Management, Design. Looking for opportunities in engineering field.",10,High School
Finance,"Experienced professional in finance with 7 years of experience. Education: Bachelor degree. Skills: Risk Management, Accounting, Excel, Bloomberg. Looking for opportunities in finance field.",7,Bachelor
Marketing,"Experienced professional in marketing with 7 years of experience. Education: High School degree. Skills: Content Creation, Analytics, Digital Marketing, Social Media, SEO. Looking for opportunities in marketing field.",7,High School
Engineering,"Experienced professional in engineering with 6 years of experience. Education: PhD degree. Skills: Design, Project Management, AutoCAD, MATLAB. Looking for opportunities in engineering field.",6,PhD
Data Science,"Experienced professional in data science with 3 years of experience. Education: Master degree. Skills: SQL, Python, TensorFlow, Pandas. Looking for opportunities in data science field.",3,Master
Marketing,"Experienced professional in marketing with 3 years of experience. Education: Master degree. Skills: Social Media, SEO, Digital Marketing, Campaign Management, Analytics, Content Creation. Looking for opportunities in marketing field.",3,Master
Engineering,"Experienced professional in engineering with 9 years of experience. Education: High School degree. Skills: Design, CAD, Problem Solving. Looking for opportunities in engineering field.",9,High School
Engineering,"Experienced professional in engineering with 7 years of experience. Education: Bachelor degree. Skills: MATLAB, AutoCAD, Project Management, Design. Looking for opportunities in engineering field.",7,Bachelor
Engineering,"Experienced professional in engineering with 2 years of experience. Education: Bachelor degree. Skills: Problem Solving, CAD, Project Management. Looking for opportunities in engineering field.",2,Bachelor
Engineering,"Experienced professional in engineering with 10 years of experience. Education: Bachelor degree. Skills: Problem Solving, CAD, AutoCAD. Looking for opportunities in engineering field.",10,Bachelor
Marketing,"Experienced professional in marketing with 1 years of experience. Education: Bachelor degree. Skills: Content Creation, Analytics, SEO, Digital Marketing, Campaign Management, Social Media. Looking for opportunities in marketing field.",1,Bachelor
Marketing,"Experienced professional in marketing with 4 years of experience. Education: Bachelor degree. Skills: Social Media, Digital Marketing, Campaign Management, Content Creation. Looking for opportunities in marketing field.",4,Bachelor
Marketing,"Experienced professional in marketing with 3 years of experience. Education: Master degree. Skills: Social Media, SEO, Content Creation, Campaign Management, Digital Marketing. Looking for opportunities in marketing field.",3,Master
Web Development,"Experienced professional in web development with 5 years of experience. Education: PhD degree. Skills: Django, Flask, Python. Looking for opportunities in web development field.",5,PhD
Finance,"Experienced professional in finance with 8 years of experience. Education: PhD degree. Skills: Bloomberg, Investment, Financial Analysis. Looking for opportunities in finance field.",8,PhD
Engineering,"Experienced professional in engineering with 2 years of experience. Education: Master degree. Skills: CAD, Design, AutoCAD. Looking for opportunities in engineering field.",2,Master
Data Science,"Experienced professional in data science with 2 years of experience. Education: PhD degree. Skills: TensorFlow, Statistics, NumPy. Looking for opportunities in data science field.",2,PhD
Finance,"Experienced professional in finance with 4 years of experience. Education: High School degree. Skills: Financial Analysis, Risk Management, Bloomberg, Investment, Accounting. Looking for opportunities in finance field.",4,High School
Data Science,"Experienced professional in data science with 7 years of experience. Education: PhD degree. Skills: TensorFlow, SQL, Statistics, Pandas, Machine Learning. Looking for opportunities in data science field.",7,PhD
Data Science,"Experienced professional in data science with 2 years of experience. Education: Bachelor degree. Skills: NumPy, TensorFlow, Statistics, Machine Learning, Scikit-learn. Looking for opportunities in data science field.",2,Bachelor
Engineering,"Experienced professional in engineering with 9 years of experience. Education: Master degree. Skills: Problem Solving, Project Management, AutoCAD, Design, MATLAB, CAD. Looking for opportunities in engineering field.",9,Master
Engineering,"Experienced professional in engineering with 7 years of experience. Education: PhD degree. Skills: CAD, Problem Solving, MATLAB, AutoCAD. Looking for opportunities in engineering field.",7,PhD
Finance,"Experienced professional in finance with 8 years of experience. Education: PhD degree. Skills: Financial Analysis, Risk Management, Excel. Looking for opportunities in finance field.",8,PhD
Engineering,"Experienced professional in engineering with 8 years of experience. Education: PhD degree. Skills: MATLAB, Problem Solving, Project Management, CAD, Design, AutoCAD. Looking for opportunities in engineering field.",8,PhD
Data Science,"Experienced professional in data science with 9 years of experience. Education: High School degree. Skills: Machine Learning, SQL, Scikit-learn, Pandas. Looking for opportunities in data science field.",9,High School
Finance,"Experienced professional in finance with 7 years of experience. Education: Master degree. Skills: Financial Analysis, Excel, Investment. Looking for opportunities in finance field.",7,Master
Finance,"Experienced professional in finance with 2 years of experience. Education: Bachelor degree. Skills: Investment, Risk Management, Accounting, Financial Analysis, Bloomberg, Excel. Looking for opportunities in finance field.",2,Bachelor
Web Development,"Experienced professional in web development with 2 years of experience. Education: Bachelor degree. Skills: Flask, JavaScript, Django. Looking for opportunities in web development field.",2,Bachelor
Web Development,"Experienced professional in web development with 10 years of experience. Education: PhD degree. Skills: React, HTML, Flask, JavaScript, Python, CSS. Looking for opportunities in web development field.",10,PhD
Finance,"Experienced professional in finance with 2 years of experience. Education: Master degree. Skills: Investment, Bloomberg, Financial Analysis. Looking for opportunities in finance field.",2,Master
Data Science,"Experienced professional in data science with 9 years of experience. Education: High School degree. Skills: NumPy, Pandas, Machine Learning, SQL, Python. Looking for opportunities in data science field.",9,High School
Marketing,"Experienced professional in marketing with 10 years of experience. Education: High School degree. Skills: Campaign Management, SEO, Digital Marketing. Looking for opportunities in marketing field.",10,High School
Marketing,"Experienced professional in marketing with 3 years of experience. Education: Master degree. Skills: Content Creation, Digital Marketing, Analytics, SEO, Social Media. Looking for opportunities in marketing field.",3,Master
Data Science,"Experienced professional in data science with 2 years of experience. Education: Master degree. Skills: NumPy, TensorFlow, Machine Learning, Python, Scikit-learn, Pandas. Looking for opportunities in data science field.",2,Master
Data Science,"Experienced professional in data science with 0 years of experience. Education: PhD degree. Skills: SQL, Machine Learning, Statistics. Looking for opportunities in data science field.",0,PhD
Web Development,"Experienced professional in web development with 0 years of experience. Education: High School degree. Skills: Flask, CSS, JavaScript, Node.js. Looking for opportunities in web development field.",0,High School
Web Development,"Experienced professional in web development with 8 years of experience. Education: PhD degree. Skills: React, CSS, HTML, JavaScript, Flask, Django. Looking for opportunities in web development field.",8,PhD
Data Science,"Experienced professional in data science with 2 years of experience. Education: High School degree. Skills: SQL, Machine Learning, Scikit-learn, Python, TensorFlow, NumPy. Looking for opportunities in data science field.",2,High School
Engineering,"Experienced professional in engineering with 2 years of experience. Education: High School degree. Skills: CAD, Problem Solving, Design, AutoCAD. Looking for opportunities in engineering field.",2,High School
Web Development,"Experienced professional in web development with 1 years of experience. Education: High School degree. Skills: CSS, Python, HTML, JavaScript, Flask. Looking for opportunities in web development field.",1,High School
Marketing,"Experienced professional in marketing with 4 years of experience. Education: Bachelor degree. Skills: Digital Marketing, Campaign Management, Analytics, SEO, Social Media, Content Creation. Looking for opportunities in marketing field.",4,Bachelor
Finance,"Experienced professional in finance with 6 years of experience. Education: PhD degree. Skills: Bloomberg, Investment, Accounting, Financial Analysis, Excel, Risk Management. Looking for opportunities in finance field.",6,PhD
Data Science,"Experienced professional in data science with 4 years of experience. Education: PhD degree. Skills: TensorFlow, Machine Learning, Statistics. Looking for opportunities in data science field.",4,PhD
Web Development,"Experienced professional in web development with 0 years of experience. Education: Master degree. Skills: Python, Django, Flask, HTML, React. Looking for opportunities in web development field.",0,Master
Web Development,"Experienced professional in web development with 10 years of experience. Education: High School degree. Skills: React, Flask, CSS. Looking for opportunities in web development field.",10,High School
Marketing,"Experienced professional in marketing with 8 years of experience. Education: PhD degree. Skills: Analytics, Campaign Management, SEO, Social Media, Content Creation, Digital Marketing. Looking for opportunities in marketing field.",8,PhD
Web Development,"Experienced professional in web development with 10 years of experience. Education: Master degree. Skills: Python, Node.js, JavaScript. Looking for opportunities in web development field.",10,Master
Web Development,"Experienced professional in web development with 6 years of experience. Education: PhD degree. Skills: CSS, HTML, Python, JavaScript. Looking for opportunities in web development field.",6,PhD
Engineering,"Experienced professional in engineering with 0 years of experience. Education: Bachelor degree. Skills: Problem Solving, CAD, Design, MATLAB, AutoCAD. Looking for opportunities in engineering field.",0,Bachelor
Web Development,"Experienced professional in web development with 8 years of experience. Education: Master degree. Skills: Django, Python, JavaScript, React, HTML, Flask. Looking for opportunities in web development field.",8,Master
Data Science,"Experienced professional in data science with 1 years of experience. Education: PhD degree. Skills: Machine Learning, Statistics, Scikit-learn, TensorFlow, SQL, NumPy. Looking for opportunities in data science field.",1,PhD
Marketing,"Experienced professional in marketing with 2 years of experience. Education: PhD degree. Skills: Content Creation, Digital Marketing, Campaign Management, Analytics, Social Media, SEO. Looking for opportunities in marketing field.",2,PhD
Marketing,"Experienced professional in marketing with 5 years of experience. Education: High School degree. Skills: Analytics, Social Media, SEO, Campaign Management, Content Creation. Looking for opportunities in marketing field.",5,High School
Marketing,"Experienced professional in marketing with 1 years of experience. Education: Bachelor degree. Skills: Social Media, Content Creation, SEO, Campaign Management, Digital Marketing. Looking for opportunities in marketing field.",1,Bachelor
Finance,"Experienced professional in finance with 4 years of experience. Education: PhD degree. Skills: Accounting, Investment, Excel. Looking for opportunities in finance field.",4,PhD
Web Development,"Experienced professional in web development with 9 years of experience. Education: Bachelor degree. Skills: Flask, Node.js, React, HTML. Looking for opportunities in web development field.",9,Bachelor
Engineering,"Experienced professional in engineering with 3 years of experience. Education: PhD degree. Skills: Design, AutoCAD, Problem Solving. Looking for opportunities in engineering field.",3,PhD
Web Development,"Experienced professional in web development with 8 years of experience. Education: PhD degree. Skills: Flask, React, Node.js. Looking for opportunities in web development field.",8,PhD
Finance,"Experienced professional in finance with 0 years of experience. Education: Bachelor degree. Skills: Risk Management, Bloomberg, Financial Analysis. Looking for opportunities in finance field.",0,Bachelor
Engineering,"Experienced professional in engineering with 5 years of experience. Education: PhD degree. Skills: MATLAB, Design, Problem Solving, CAD, Project Management. Looking for opportunities in engineering field.",5,PhD
Engineering,"Experienced professional in engineering with 0 years of experience. Education: High School degree. Skills: MATLAB, Project Management, AutoCAD, Design. Looking for opportunities in engineering field.",0,High School
Marketing,"Experienced professional in marketing with 1 years of experience. Education: High School degree. Skills: Content Creation, Campaign Management, SEO, Analytics, Social Media, Digital Marketing. Looking for opportunities in marketing field.",1,High School
Marketing,"Experienced professional in marketing with 1 years of experience. Education: Bachelor degree. Skills: Content Creation, Analytics, Campaign Management. Looking for opportunities in marketing field.",1,Bachelor
Engineering,"Experienced professional in engineering with 10 years of experience. Education: Bachelor degree. Skills: Project Management, AutoCAD, Problem Solving, CAD, MATLAB, Design. Looking for opportunities in engineering field.",10,Bachelor
Finance,"Experienced professional in finance with 3 years of experience. Education: Bachelor degree. Skills: Investment, Excel, Accounting, Risk Management. Looking for opportunities in finance field.",3,Bachelor
Marketing,"Experienced professional in marketing with 10 years of experience. Education: PhD degree. Skills: SEO, Digital Marketing, Campaign Management, Social Media, Content Creation, Analytics. Looking for opportunities in marketing field.",10,PhD
Data Science,"Experienced professional in data science with 6 years of experience. Education: PhD degree. Skills: Scikit-learn, TensorFlow, Statistics, SQL, Pandas. Looking for opportunities in data science field.",6,PhD
Data Science,"Experienced professional in data science with 10 years of experience. Education: Bachelor degree. Skills: Statistics, Scikit-learn, NumPy, SQL, TensorFlow, Python. Looking for opportunities in data science field.",10,Bachelor
